train_loss,val_loss,val_acc,gap_m
2.8207848,2.828076,5.88235294117647,0.004940696705545973
2.676614,2.8348486,5.88235294117647,0.013591848102260096
